{
  "service_id": "core.call_webhook",
  "display_name": "Call Webhook",
  "service_type": "CORE",
  "description": "Send an HTTP request to a webhook URL. Use for outbound integrations with external services.",
  "endpoint": null,
  "method": "POST",
  "requires_credentials": false,

  "parameter_schema": {
    "type": "object",
    "required": ["url"],
    "properties": {
      "url": {
        "type": "string",
        "title": "Webhook URL",
        "description": "The URL to call (internal or external)",
        "format": "uri"
      },
      "method": {
        "type": "string",
        "title": "HTTP Method",
        "description": "HTTP method for the request",
        "enum": ["GET", "POST", "PUT", "PATCH", "DELETE"],
        "default": "POST"
      },
      "body": {
        "type": "object",
        "title": "Request Body",
        "description": "JSON body to send with the request",
        "default": {}
      },
      "headers": {
        "type": "object",
        "title": "Headers",
        "description": "Additional HTTP headers to include",
        "additionalProperties": {
          "type": "string"
        },
        "default": {}
      },
      "timeout": {
        "type": "integer",
        "title": "Timeout (seconds)",
        "description": "Request timeout in seconds",
        "default": 30,
        "minimum": 1,
        "maximum": 300
      },
      "retry_on_failure": {
        "type": "boolean",
        "title": "Retry on Failure",
        "description": "Retry the request if it fails",
        "default": false
      },
      "max_retries": {
        "type": "integer",
        "title": "Max Retries",
        "description": "Maximum number of retry attempts",
        "default": 3,
        "minimum": 1,
        "maximum": 10
      }
    }
  },

  "result_schema": {
    "type": "object",
    "properties": {
      "status_code": {
        "type": "integer",
        "description": "HTTP response status code"
      },
      "body": {
        "description": "Response body (if JSON, parsed as object)"
      },
      "headers": {
        "type": "object",
        "description": "Response headers"
      },
      "elapsed_ms": {
        "type": "number",
        "description": "Request duration in milliseconds"
      },
      "success": {
        "type": "boolean",
        "description": "Whether the request was successful (2xx status)"
      }
    }
  },

  "example_parameters": {
    "url": "https://hooks.example.com/workflow/abc123",
    "method": "POST",
    "body": {
      "event": "workflow.completed",
      "data": {"id": "123", "status": "success"}
    },
    "headers": {
      "X-Webhook-Secret": "my-secret-token"
    }
  },

  "ui_hints": {
    "category": "Core",
    "color": "#10b981",
    "icon": "webhook",
    "is_trigger": false
  }
}
