{
  "service_id": "http.post",
  "display_name": "Generic HTTP POST",
  "service_type": "CORE",
  "description": "Send an HTTP POST request to any URL. Useful for API calls and webhook integrations.",
  "endpoint": null,
  "method": "POST",
  "requires_credentials": false,

  "parameter_schema": {
    "type": "object",
    "required": ["url"],
    "properties": {
      "url": {
        "type": "string",
        "title": "URL",
        "description": "The URL to send the POST request to",
        "format": "uri"
      },
      "body": {
        "type": "object",
        "title": "Request Body",
        "description": "JSON body to send with the request",
        "default": {}
      },
      "headers": {
        "type": "object",
        "title": "Headers",
        "description": "Additional HTTP headers to include",
        "default": {}
      },
      "timeout": {
        "type": "integer",
        "title": "Timeout (seconds)",
        "description": "Request timeout in seconds",
        "default": 30,
        "minimum": 1,
        "maximum": 300
      }
    }
  },

  "result_schema": {
    "type": "object",
    "properties": {
      "status_code": {
        "type": "integer",
        "description": "HTTP response status code"
      },
      "body": {
        "type": "object",
        "description": "Response body (if JSON)"
      },
      "headers": {
        "type": "object",
        "description": "Response headers"
      },
      "elapsed_ms": {
        "type": "number",
        "description": "Request duration in milliseconds"
      }
    }
  },

  "example_parameters": {
    "url": "https://api.example.com/webhook",
    "body": {
      "event": "workflow.completed",
      "data": {"id": "123"}
    },
    "headers": {
      "Authorization": "Bearer token123"
    }
  },

  "ui_hints": {
    "category": "Core",
    "color": "#6366f1",
    "icon": "send"
  }
}
