{
  "service_id": "core.incoming_webhook",
  "display_name": "Incoming Webhook",
  "service_type": "CORE",
  "description": "Receive incoming HTTP requests to start this workflow. Use as the first step to build webhook-triggered automations.",
  "endpoint": null,
  "method": null,
  "requires_credentials": false,

  "parameter_schema": {
    "type": "object",
    "properties": {
      "http_method": {
        "type": "string",
        "title": "HTTP Method",
        "description": "Allowed HTTP method for the webhook",
        "enum": ["GET", "POST", "PUT", "PATCH", "DELETE", "ANY"],
        "default": "POST"
      },
      "path": {
        "type": "string",
        "title": "Webhook Path",
        "description": "Custom path suffix for the webhook URL (auto-generated if empty)",
        "pattern": "^[a-z0-9-_]*$"
      },
      "authentication": {
        "type": "string",
        "title": "Authentication",
        "description": "How to authenticate incoming requests",
        "enum": ["none", "header_auth", "basic_auth", "jwt"],
        "default": "none"
      },
      "auth_header_name": {
        "type": "string",
        "title": "Auth Header Name",
        "description": "Name of the authentication header (when using header_auth)",
        "default": "X-Webhook-Secret"
      },
      "respond_immediately": {
        "type": "boolean",
        "title": "Respond Immediately",
        "description": "If true, respond with 200 OK immediately and process async. If false, wait for workflow completion.",
        "default": false
      },
      "response_content_type": {
        "type": "string",
        "title": "Response Content Type",
        "description": "Content-Type of the response when not responding immediately",
        "enum": ["application/json", "text/plain", "text/html"],
        "default": "application/json"
      }
    }
  },

  "result_schema": {
    "type": "object",
    "properties": {
      "body": {
        "type": "object",
        "description": "Parsed request body (JSON or form data)"
      },
      "headers": {
        "type": "object",
        "description": "Request headers"
      },
      "query": {
        "type": "object",
        "description": "Query string parameters"
      },
      "method": {
        "type": "string",
        "description": "HTTP method used"
      },
      "path": {
        "type": "string",
        "description": "Request path"
      },
      "timestamp": {
        "type": "string",
        "format": "date-time",
        "description": "When the webhook was received"
      }
    }
  },

  "example_parameters": {
    "http_method": "POST",
    "authentication": "header_auth",
    "auth_header_name": "X-Webhook-Secret",
    "respond_immediately": false,
    "response_content_type": "application/json"
  },

  "ui_hints": {
    "category": "Core",
    "color": "#10b981",
    "icon": "webhook",
    "is_trigger": true
  }
}
