{
  "service_id": "core.set_fields",
  "display_name": "Set Fields",
  "service_type": "CORE",
  "description": "Create or modify fields with static values or expressions. Similar to n8n's Edit Fields (Set) node.",
  "endpoint": null,
  "method": null,
  "requires_credentials": false,

  "parameter_schema": {
    "type": "object",
    "required": ["fields"],
    "properties": {
      "mode": {
        "type": "string",
        "title": "Mode",
        "description": "How to define fields",
        "enum": ["manual", "json"],
        "default": "manual"
      },
      "fields": {
        "type": "array",
        "title": "Fields",
        "description": "Fields to set in the output",
        "items": {
          "type": "object",
          "required": ["name", "type", "value"],
          "properties": {
            "name": {
              "type": "string",
              "title": "Field Name",
              "description": "Name of the output field"
            },
            "type": {
              "type": "string",
              "title": "Data Type",
              "description": "Type of the field value",
              "enum": ["string", "number", "boolean", "array", "object"],
              "default": "string"
            },
            "value": {
              "title": "Value",
              "description": "Static value or expression (use {{step.field}} for expressions)"
            },
            "is_expression": {
              "type": "boolean",
              "title": "Is Expression",
              "description": "If true, value will be evaluated as an expression",
              "default": false
            }
          }
        },
        "default": []
      },
      "json_value": {
        "type": "string",
        "title": "JSON Value",
        "description": "Raw JSON object to use as output (only in json mode)",
        "format": "json"
      },
      "include_input_fields": {
        "type": "boolean",
        "title": "Include Input Fields",
        "description": "Whether to include fields from the input in the output",
        "default": false
      },
      "input_fields_mode": {
        "type": "string",
        "title": "Input Fields Mode",
        "description": "How to include input fields",
        "enum": ["all", "selected", "none"],
        "default": "none"
      },
      "selected_input_fields": {
        "type": "array",
        "title": "Selected Input Fields",
        "description": "Which input fields to include (only when input_fields_mode is 'selected')",
        "items": {
          "type": "string"
        },
        "default": []
      }
    }
  },

  "result_schema": {
    "type": "object",
    "description": "Dynamic output based on configured fields",
    "additionalProperties": true
  },

  "example_parameters": {
    "mode": "manual",
    "fields": [
      {
        "name": "prompt",
        "type": "string",
        "value": "A beautiful sunset over the ocean",
        "is_expression": false
      },
      {
        "name": "width",
        "type": "number",
        "value": 1024,
        "is_expression": false
      }
    ],
    "include_input_fields": false
  },

  "ui_hints": {
    "category": "Core",
    "color": "#6366f1",
    "icon": "edit-3"
  }
}
