{
  "service_id": "httpbin.post",
  "display_name": "HTTPBin Echo",
  "service_type": "CORE",
  "description": "Send a POST request to httpbin.org for testing. Returns the request data echoed back. Great for testing workflows without external dependencies.",
  "endpoint": "https://httpbin.org/post",
  "method": "POST",
  "requires_credentials": false,

  "parameter_schema": {
    "type": "object",
    "required": [],
    "properties": {
      "message": {
        "type": "string",
        "title": "Message",
        "description": "A test message to echo back",
        "default": "Hello from Studio!"
      },
      "data": {
        "type": "object",
        "title": "Test Data",
        "description": "Any JSON data to include in the request",
        "default": {}
      }
    }
  },

  "result_schema": {
    "type": "object",
    "properties": {
      "args": {
        "type": "object",
        "description": "Query string parameters"
      },
      "data": {
        "type": "string",
        "description": "Raw request body"
      },
      "json": {
        "type": "object",
        "description": "Parsed JSON body (your input echoed back)"
      },
      "headers": {
        "type": "object",
        "description": "Request headers"
      },
      "origin": {
        "type": "string",
        "description": "Client IP address"
      },
      "url": {
        "type": "string",
        "description": "Request URL"
      }
    }
  },

  "example_parameters": {
    "message": "Hello from Studio!",
    "data": {
      "workflow": "test",
      "step": 1
    }
  },

  "ui_hints": {
    "category": "Core",
    "color": "#6366f1",
    "icon": "flask"
  }
}
